<?xml version="1.0" encoding="UTF-8"?>

<!DOCTYPE platform [
<!ELEMENT platform (plugins,optionmanager)>

  <!ELEMENT plugins (plugin*)>

  <!ELEMENT plugin EMPTY>
  <!ATTLIST plugin
    name CDATA #IMPLIED
    version CDATA #IMPLIED
    description CDATA #IMPLIED
    class CDATA #REQUIRED>

  <!ELEMENT optionmanager (options)>
  <!ATTLIST optionmanager
    class CDATA #REQUIRED>

  <!ELEMENT options (boolean*,integer*,string*)>

  <!ELEMENT boolean EMPTY>
  <!ATTLIST boolean
    name CDATA #REQUIRED
    altName CDATA ""
    description CDATA ""
    value (true|false) #REQUIRED>

  <!ELEMENT integer EMPTY>
  <!ATTLIST integer
    name CDATA #REQUIRED
    altName CDATA ""
    description CDATA ""
    value CDATA #REQUIRED
    attrName CDATA #REQUIRED>

  <!ELEMENT string EMPTY>
  <!ATTLIST string
    name CDATA #REQUIRED
    altName CDATA ""
    description CDATA ""
    value CDATA #REQUIRED
    attrName CDATA #REQUIRED>
]>

<platform>

  <plugins>
    <plugin name="Starter"
      class="tom.engine.starter.TomStarter"/>
    <plugin name="Parser"
      class="tom.engine.parser.TomParserPlugin"/>
    <plugin name="Syntax checker"
      class="tom.engine.checker.TomSyntaxCheckerAp"/>
    <plugin name="Typer"
      class="tom.engine.typer.Typer"/>
    <plugin name="Type checker"
      class="tom.engine.checker.TomTypeChecker"/>
    <plugin name="Expander"
      class="tom.engine.expander.Expander"/>
    <plugin name="Compiler"
      class="tom.engine.compiler.Compiler"/>
    <plugin name="Optimizer"
      class="tom.engine.optimizer.TomOptimizer"/>
    <plugin name="Verifier"
      class="tom.engine.verifier.TomVerifier"/>
    <plugin name="Backend"
      class="tom.engine.backend.TomBackend"/>
  </plugins>
  <optionmanager class="tom.engine.TomOptionManager">
    <options>
      <boolean name="help" altName="h"
        description="Print this help"
        value="false"/>
      <boolean name="version" altName="V"
        description="Print version"
        value="false"/>
      <boolean name="verbose" altName="v"
        description="Set verbose mode on"
        value="false"/>
      <boolean name="intermediate" altName="i"
        description="Generate intermediate files"
        value="false"/>
      <boolean name="noDeclaration" altName="D"
        description="Do not generate code for declarations"
        value="false"/>
      <boolean name="wall" altName="W"
        description="Print warning"
        value="false"/>
      <boolean name="lazyType" altName="l"
        description="Use universal type"
        value="false"/>
      <boolean name="pretty" altName="p"
        description="Generate readable code"
        value="false"/>
      <boolean name="noStatic" altName=""
        description="Generate non static functions"
        value="false"/>
      <boolean name="protected" altName=""
        description="Generate protected functions"
        value="false"/>
      <boolean name="eclipse" altName=""
        description="Sets Eclipse mode"
        value="false"/>
      <string name="import" altName="I"
        description="Path for %include"
        value=""
        attrName="path"/>
      <string name="output" altName="o"
        description="Set output file name"
        value=""
        attrName="file"/>
      <string name="destdir" altName="d"
        description="Specify where to place generated files"
        value="."
        attrName="dir"/>
      <string name="encoding" altName="e"
        description="Specify the character encoding"
        value="UTF-8"
	attrName="charset"/>
      <boolean name="multithread" altName="mt"
        description="Sets the multithread mode"
        value="false"/>
    </options>
  </optionmanager>

</platform>
